DFF_8_N3,n143,
n144,n161,
DFF_0_N3,DFF_12_N3,
DFF_8_N3,n153,
DFF_0_N3,DFF_14_N3,
DFF_4_N3,n144,
DFF_6_N3,n141,
DFF_12_N3,n146,
n141,n148,
DFF_8_N3,n154,
n146,n149,
DFF_10_N3,n161,
DFF_14_N3,n139,
n149,n152,
DFF_12_N3,n157,
DFF_10_N3,n152,
n156,n157,
DFF_12_N3,n150,
n152,n154,
n145,n149,
DFF_6_N3,n149,
n153,n156,
DFF_6_N3,n156,
DFF_0_N3,n156,
DFF_8_N3,n152,
DFF_0_N3,DFF_6_N3,
n146,n160,
DFF_6_N3,n145,
DFF_4_N3,n139,
DFF_12_N3,n143,
n153,n158,
n145,n160,
n148,n149,
DFF_6_N3,n160,
n143,n157,
DFF_12_N3,n153,
n141,n156,
DFF_0_N3,n158,
n143,n150,
DFF_10_N3,n148,
DFF_14_N3,n150,
DFF_14_N3,DFF_6_N3,
DFF_12_N3,n154,
n139,n150,
n141,n145,
DFF_8_N3,n140,
n143,n168,
n140,n146,
DFF_14_N3,n168,
DFF_8_N3,n148,
n141,n160,
DFF_10_N3,n141,
n139,n168,
n148,n160,
n150,n157,
DFF_6_N3,DFF_8_N3,
n140,n157,
DFF_14_N3,n158,
n139,n158,
n144,n149,
DFF_4_N3,n150,
DFF_4_N3,DFF_6_N3,
DFF_12_N3,n144,
n139,n143,
DFF_0_N3,DFF_10_N3,
n153,n161,
n143,n153,
DFF_14_N3,n153,
DFF_0_N3,n161,
n150,n168,
n139,n153,
n154,n157,
DFF_10_N3,n149,
DFF_4_N3,n168,
n143,n154,
n149,n156,
n144,n146,
DFF_4_N3,n158,
DFF_10_N3,DFF_4_N3,
n140,n143,
DFF_4_N3,n143,
DFF_10_N3,n145,
n150,n153,
DFF_4_N3,n153,
DFF_8_N3,n156,
DFF_14_N3,n161,
n149,n158,
n139,n161,
n143,n152,
n150,n154,
DFF_10_N3,n160,
DFF_14_N3,n152,
n140,n154,
DFF_4_N3,n154,
n139,n152,
DFF_8_N3,n145,
DFF_8_N3,n158,
DFF_12_N3,DFF_14_N3,
DFF_8_N3,n160,
n152,n168,
n150,n152,
DFF_4_N3,n152,
n152,n158,
DFF_10_N3,DFF_8_N3,
n140,n144,
DFF_0_N3,n141,
DFF_14_N3,n140,
n149,n161,
n139,n140,
n152,n153,
n143,n148,
DFF_14_N3,n148,
n139,n148,
DFF_12_N3,n156,
DFF_12_N3,DFF_6_N3,
DFF_8_N3,n161,
DFF_0_N3,n149,
DFF_4_N3,n140,
DFF_12_N3,n168,
n146,n157,
n156,n168,
n152,n161,
DFF_0_N3,DFF_4_N3,
n158,n168,
DFF_12_N3,n158,
DFF_4_N3,n148,
DFF_0_N3,n145,
n145,n146,
n156,n158,
DFF_6_N3,n146,
n145,n157,
n141,n149,
n153,n160,
DFF_6_N3,n157,
DFF_0_N3,n160,
n143,n156,
DFF_14_N3,n156,
n139,n156,
DFF_14_N3,DFF_4_N3,
n141,n146,
DFF_14_N3,n145,
n160,n168,
n139,n145,
n141,n157,
n148,n157,
n143,n158,
DFF_12_N3,n161,
DFF_6_N3,n143,
DFF_0_N3,DFF_8_N3,
n150,n156,
n146,n154,
DFF_10_N3,n139,
DFF_14_N3,n160,
n156,n161,
n140,n150,
n139,n160,
DFF_4_N3,n156,
DFF_12_N3,n152,
n145,n153,
n158,n161,
n157,n168,
DFF_8_N3,n141,
DFF_4_N3,n145,
n145,n154,
DFF_6_N3,n154,
n140,n168,
n154,n156,
n150,n158,
n150,n160,
n140,n158,
DFF_4_N3,n160,
DFF_14_N3,DFF_8_N3,
n144,n157,
n154,n168,
n144,n150,
DFF_8_N3,n149,
DFF_10_N3,n146,
n140,n153,
n143,n161,
DFF_12_N3,n140,
n154,n158,
n149,n160,
n148,n154,
DFF_6_N3,n144,
DFF_10_N3,n157,
DFF_0_N3,n144,
DFF_10_N3,n150,
DFF_12_N3,n148,
n144,n168,
n152,n156,
DFF_8_N3,n146,
DFF_4_N3,DFF_8_N3,
n150,n161,
DFF_10_N3,n168,
n140,n161,
DFF_12_N3,n141,
DFF_4_N3,n161,
n141,n144,
n144,n153,
n140,n152,
n152,n160,
DFF_10_N3,n143,
n144,n154,
n154,n161,
DFF_10_N3,n153,
DFF_6_N3,n139,
DFF_0_N3,n139,
DFF_12_N3,n149,
DFF_10_N3,n154,
DFF_12_N3,DFF_4_N3,
n144,n152,
DFF_12_N3,n145,
DFF_14_N3,n141,
n139,n141,
n146,n156,
n146,n150,
n140,n148,
DFF_12_N3,n160,
DFF_10_N3,n144,
n156,n160,
DFF_0_N3,n146,
n158,n160,
n153,n157,
n146,n168,
n143,n149,
n145,n156,
DFF_0_N3,n157,
n145,n150,
DFF_14_N3,n149,
DFF_6_N3,n150,
n140,n141,
DFF_0_N3,n150,
n139,n149,
DFF_4_N3,n141,
n146,n158,
DFF_8_N3,n144,
n143,n145,
n145,n168,
n153,n168,
DFF_12_N3,DFF_8_N3,
DFF_6_N3,n168,
n144,n148,
n143,n146,
DFF_0_N3,n168,
n146,n153,
DFF_14_N3,n146,
n145,n158,
DFF_10_N3,n140,
DFF_6_N3,n158,
n139,n146,
n143,n160,
n141,n150,
n140,n149,
n148,n156,
DFF_14_N3,n157,
n148,n150,
DFF_4_N3,n149,
n139,n157,
n140,n156,
DFF_0_N3,n143,
DFF_6_N3,n153,
DFF_0_N3,n153,
DFF_10_N3,DFF_12_N3,
n141,n168,
n140,n145,
n148,n168,
DFF_10_N3,DFF_14_N3,
n153,n154,
n157,n158,
n157,n160,
DFF_8_N3,n139,
n146,n161,
DFF_4_N3,n146,
n141,n158,
DFF_0_N3,n154,
n148,n158,
n141,n143,
n146,n152,
n140,n160,
DFF_4_N3,n157,
DFF_14_N3,n143,
n141,n153,
n148,n153,
n145,n161,
n144,n156,
DFF_6_N3,n161,
n160,n161,
n145,n152,
DFF_6_N3,n152,
n149,n157,
n141,n154,
n154,n160,
DFF_0_N3,n152,
n144,n145,
n149,n150,
DFF_14_N3,n154,
DFF_10_N3,n156,
DFF_10_N3,DFF_6_N3,
n139,n154,
n144,n158,
n157,n161,
n144,n160,
n141,n161,
n149,n168,
DFF_8_N3,n157,
n148,n161,
n141,n152,
DFF_8_N3,n150,
n148,n152,
n146,n148,
DFF_10_N3,n158,
n143,n144,
n161,n168,
n152,n157,
DFF_12_N3,n139,
DFF_14_N3,n144,
DFF_6_N3,n140,
n139,n144,
DFF_0_N3,n140,
n149,n153,
DFF_8_N3,n168,
n145,n148,
DFF_6_N3,n148,
DFF_0_N3,n148,
n149,n154,
